metric,epoch-1,epoch-2,epoch-3,epoch-4,epoch-5
f1_weighted,0.8703218102455139,0.8731390237808228,0.8807752132415771,0.8718327879905701,0.8741130232810974
f1_macro,0.8297058343887329,0.8326070308685303,0.8369227647781372,0.8290936946868896,0.8268864154815674
precision_weighted,0.8812431693077087,0.8821307420730591,0.8807106018066406,0.8772710561752319,0.8735063076019287
precision_macro,0.8120580911636353,0.8160802125930786,0.8372965455055237,0.8162853717803955,0.8309710025787354
recall_weighted,0.8657839894294739,0.8691588640213013,0.8808411359786987,0.8688992857933044,0.8748701810836792
recall_macro,0.8575279116630554,0.8571763038635254,0.8365510702133179,0.8459714651107788,0.8230555057525635
loss,0.48585947238187077,0.48312876719780484,0.5391683391453814,0.5586968138195667,0.7345024331693085
