metric,epoch-1,epoch-2,epoch-3,epoch-4,epoch-5,epoch-6
f1_weighted,0.8720980882644653,0.8729342818260193,0.878875195980072,0.869346022605896,0.874965250492096,0.8748573064804077
f1_macro,0.8311735987663269,0.8319790363311768,0.8345674276351929,0.8275715112686157,0.8330010771751404,0.8303576707839966
precision_weighted,0.8809795379638672,0.8811465501785278,0.8789899349212646,0.878352701663971,0.8798660039901733,0.8761802315711975
precision_macro,0.8148282766342163,0.8161267042160034,0.8339579105377197,0.8113695383071899,0.8206732273101807,0.8252286911010742
recall_weighted,0.8681204319000244,0.8691588640213013,0.878764271736145,0.8652647733688354,0.8722741603851318,0.8738318085670471
recall_macro,0.8553889989852905,0.8549696207046509,0.8351831436157227,0.8516690135002136,0.8489301204681396,0.8359798789024353
accuracy,86.81204915046692,86.9158923625946,87.87643313407898,86.52648329734802,87.22741603851318,87.38318085670471
loss,0.45531543367445715,0.4485868842986362,0.5030172006285042,0.5064877879291897,0.5953227382972527,0.6474996573171923
