metric,epoch-1,epoch-2,epoch-3,epoch-4,epoch-5,epoch-6
f1_weighted,0.8712106943130493,0.8295315504074097,0.8525638580322266,0.8576651215553284,0.8752980828285217,0.8483436107635498
f1_macro,0.8272725939750671,0.7880820035934448,0.811058759689331,0.8152714967727661,0.8283572196960449,0.8034480214118958
precision_weighted,0.8750135898590088,0.8730508089065552,0.8757480382919312,0.874116063117981,0.8746302127838135,0.8656930327415466
precision_macro,0.8168981075286865,0.7721928358078003,0.791254997253418,0.796305239200592,0.8331457376480103,0.7851420640945435
recall_weighted,0.8688992857933044,0.8182762265205383,0.8450155854225159,0.851505696773529,0.8761682510375977,0.8416407108306885
recall_macro,0.840086817741394,0.8512451648712158,0.8548818826675415,0.8503297567367554,0.8239104747772217,0.8383148908615112
loss,0.40217697768171956,0.3951772824545537,0.4266909509897232,0.44331717823655153,0.5904893543848322,0.5255120336270529
