metric,epoch-1,epoch-2,epoch-3,epoch-4,epoch-5,epoch-6
f1_weighted,0.8436012268066406,0.8589789867401123,0.868064284324646,0.8576913475990295,0.8660678863525391,0.8666920065879822
f1_macro,0.7966026067733765,0.8155028820037842,0.8212485313415527,0.812363862991333,0.8154119253158569,0.8157248497009277
precision_weighted,0.8597275018692017,0.8720287680625916,0.8696938157081604,0.8675682544708252,0.8652857542037964,0.8657235503196716
precision_macro,0.7791000008583069,0.7977234125137329,0.8155704736709595,0.7965368032455444,0.8204243183135986,0.8229644894599915
recall_weighted,0.8369678258895874,0.853582501411438,0.8668224215507507,0.8530633449554443,0.8670820593833923,0.8681204319000244
recall_macro,0.8289104700088501,0.8453771471977234,0.8275678157806396,0.8365613222122192,0.8107907772064209,0.8092639446258545
accuracy,83.69678258895874,85.35826206207275,86.68224811553955,85.30634045600891,86.70820593833923,86.81204915046692
loss,0.49931041512993857,0.4620826037531077,0.47800556353884616,0.4793751245032208,0.6182861455959651,0.6549333652860149
