metric,epoch-1,epoch-2,epoch-3,epoch-4,epoch-5,epoch-6,epoch-7,epoch-8
f1_weighted,0.8674346208572388,0.8140004873275757,0.8480839729309082,0.8655873537063599,0.8606969714164734,0.8514915108680725,0.8585501909255981,0.8574094772338867
f1_macro,0.820983350276947,0.7696053981781006,0.8024324178695679,0.8203830718994141,0.8092133402824402,0.8052610754966736,0.8054840564727783,0.8102063536643982
precision_weighted,0.8697736263275146,0.8608394861221313,0.8641047477722168,0.8707068562507629,0.8605473041534424,0.863730251789093,0.8579174280166626,0.8639130592346191
precision_macro,0.8136374354362488,0.7561160326004028,0.78452467918396,0.8084580898284912,0.8099046945571899,0.7885874509811401,0.808807373046875,0.7972850799560547
recall_weighted,0.8657839894294739,0.8014018535614014,0.8416407108306885,0.8626687526702881,0.860851526260376,0.8460540175437927,0.8592938780784607,0.8538421988487244
recall_macro,0.8294631242752075,0.8327558040618896,0.8353033065795898,0.8358858227729797,0.8085304498672485,0.8326827883720398,0.8023467063903809,0.8278632164001465
loss,0.6341301936748599,0.6016947412786405,0.6065926386797724,0.6433659798103916,0.7548989301378076,0.7154055663869401,0.8832120811643679,0.8602470154604636
