metric,epoch-1,epoch-2,epoch-3,epoch-4,epoch-5,epoch-6,epoch-7,epoch-8
f1_weighted,0.8663649559020996,0.8280593752861023,0.8401061296463013,0.8616525530815125,0.8608589172363281,0.8483344912528992,0.8642932772636414,0.8578771352767944
f1_macro,0.819473147392273,0.7844675183296204,0.7946819067001343,0.8170345425605774,0.811107337474823,0.800381064414978,0.8107179403305054,0.8079720139503479
precision_weighted,0.8686336278915405,0.8660173416137695,0.8628153800964355,0.87030428647995,0.8621457815170288,0.8591166138648987,0.863135039806366,0.8601948618888855
precision_macro,0.8123418092727661,0.7677698135375977,0.7761974930763245,0.8017761707305908,0.8066610097885132,0.7848066687583923,0.8252213001251221,0.8011914491653442
recall_weighted,0.8647456169128418,0.8172377943992615,0.8320353031158447,0.8574766516685486,0.8598130941390991,0.8431983590126038,0.8670819997787476,0.8561786413192749
recall_macro,0.8276740312576294,0.841340959072113,0.8356103301048279,0.8394672870635986,0.8159521818161011,0.8249074816703796,0.7990009188652039,0.8157696723937988
loss,0.6657053242045,0.62583037102518,0.6298747055294099,0.6611880770892151,0.7592063494457686,0.741399587432215,0.9858568428961698,0.8735159128165442
