metric,epoch-1,epoch-2,epoch-3,epoch-4,epoch-5,epoch-6
f1_weighted,0.8634350299835205,0.8634105324745178,0.8711355924606323,0.856728196144104,0.8591046333312988,0.8594977259635925
f1_macro,0.819424033164978,0.818486750125885,0.8232164978981018,0.8102854490280151,0.811108410358429,0.809154748916626
precision_weighted,0.872114360332489,0.8703331351280212,0.8708083629608154,0.865028977394104,0.8633918762207031,0.8606879115104675
precision_macro,0.8039882183074951,0.8046483993530273,0.8250536918640137,0.7957379817962646,0.8008091449737549,0.8050289750099182
recall_weighted,0.8592938780784607,0.8598130941390991,0.8714953064918518,0.8525441288948059,0.8564382195472717,0.8585150241851807
recall_macro,0.8421375751495361,0.8376898169517517,0.8214339017868042,0.8314297795295715,0.8240461349487305,0.8136237859725952
accuracy,85.92939376831055,85.98130941390991,87.14953660964966,85.25441884994507,85.64382791519165,85.85150837898254
loss,0.4720043873885855,0.4701505647933582,0.5416539978869723,0.5351416647774303,0.6586365588473087,0.7157867844854153
