metric,epoch-1,epoch-2,epoch-3,epoch-4,epoch-5,epoch-6
f1_weighted,0.8651589155197144,0.8213169574737549,0.8419435024261475,0.8507041931152344,0.86892169713974,0.8410227298736572
f1_macro,0.8187342882156372,0.7778902649879456,0.7972866296768188,0.8056016564369202,0.8186383247375488,0.7935745716094971
precision_weighted,0.8686263561248779,0.8654351830482483,0.8652822971343994,0.8660871982574463,0.8679371476173401,0.8579629063606262
precision_macro,0.8093312978744507,0.7630000710487366,0.7785466909408569,0.7876535654067993,0.8266711235046387,0.7760837078094482
recall_weighted,0.8629283308982849,0.8094496726989746,0.8338525295257568,0.8444963693618774,0.8704569339752197,0.8341121077537537
recall_macro,0.8301618099212646,0.839897096157074,0.839385986328125,0.8379204869270325,0.8115392923355103,0.8266617059707642
loss,0.42427080192349176,0.40239496024186944,0.45229406186864396,0.4779543088487357,0.6344473868115874,0.550171373673707
