metric,epoch-1,epoch-2,epoch-3,epoch-4,epoch-5,epoch-6
f1_weighted,0.8556098341941833,0.8623291850090027,0.8822653293609619,0.8684145212173462,0.8730775713920593,0.8804178237915039
f1_macro,0.8124729990959167,0.820698618888855,0.8410664796829224,0.8273842334747314,0.8261698484420776,0.8359509706497192
precision_weighted,0.8717734217643738,0.8770210146903992,0.8843609094619751,0.8798136711120605,0.8728570342063904,0.8800479173660278
precision_macro,0.7938019037246704,0.8019004464149475,0.8334522247314453,0.8096203804016113,0.8273922204971313,0.8383830785751343
recall_weighted,0.8494288921356201,0.8566978573799133,0.8808411359786987,0.8637071847915649,0.8733125925064087,0.8808411359786987
recall_macro,0.8467550277709961,0.8537497520446777,0.8497917056083679,0.8557921648025513,0.8249718546867371,0.8336087465286255
accuracy,84.94288921356201,85.66978573799133,88.08411359786987,86.3707184791565,87.33125925064087,88.08411359786987
loss,0.48531181139570057,0.4491864985388344,0.4611779942923067,0.46237150718809655,0.5841211072667754,0.608536018808353
