metric,epoch-1,epoch-2,epoch-3,epoch-4,epoch-5,epoch-6,epoch-7,epoch-8
f1_weighted,0.8694457411766052,0.8255689144134521,0.8586604595184326,0.8775240778923035,0.873062252998352,0.8641976118087769,0.8737705945968628,0.8657755851745605
f1_macro,0.824937105178833,0.7837705612182617,0.8165632486343384,0.8368582725524902,0.8271994590759277,0.8228838443756104,0.8280692100524902,0.821911096572876
precision_weighted,0.8733232021331787,0.8712791204452515,0.8750880360603333,0.8831906318664551,0.8736656904220581,0.878206193447113,0.8742853403091431,0.8729465007781982
precision_macro,0.8145618438720703,0.7687722444534302,0.7975059151649475,0.823310375213623,0.8245481252670288,0.8041884303092957,0.8257445096969604,0.8076409101486206
recall_weighted,0.8670819997787476,0.8138629198074341,0.8525441288948059,0.8746105432510376,0.8725337386131287,0.8587746620178223,0.8733125329017639,0.8621494770050049
recall_macro,0.8377864360809326,0.84833824634552,0.8517493009567261,0.8548825979232788,0.8299757242202759,0.8551177382469177,0.8304887413978577,0.8418933153152466
loss,0.6107957853266031,0.5895410731804273,0.5910892661445397,0.6131584814264754,0.6947650039984175,0.668871974403208,0.8061876634428323,0.8096311580051075
