metric,epoch-1,epoch-2,epoch-3,epoch-4,epoch-5
f1_weighted,0.8603650331497192,0.8587045073509216,0.868108868598938,0.8623307943344116,0.8647734522819519
f1_macro,0.815725564956665,0.8124006986618042,0.8181573152542114,0.8156996965408325,0.812968373298645
precision_weighted,0.8698426485061646,0.866023063659668,0.8673161864280701,0.8669767379760742,0.863753080368042
precision_macro,0.7999446988105774,0.7985606789588928,0.8234854936599731,0.8046581745147705,0.8205738067626953
recall_weighted,0.8559190034866333,0.8548805713653564,0.8691588640213013,0.8595534563064575,0.8663032054901123
recall_macro,0.8395469188690186,0.8318629264831543,0.8132636547088623,0.8297817707061768,0.8062251806259155
loss,0.5016330354750403,0.4995398627462723,0.5643126790825262,0.5770341266425814,0.7864073854388043
