metric,epoch-1,epoch-2,epoch-3,epoch-4,epoch-5,epoch-6,epoch-7,epoch-8
f1_weighted,0.8709268569946289,0.8358332514762878,0.8550109267234802,0.869346022605896,0.8714564442634583,0.8575834631919861,0.8689475059509277,0.8681092262268066
f1_macro,0.826453685760498,0.7942644357681274,0.8135842084884644,0.8275715112686157,0.825301468372345,0.8130768537521362,0.8185072541236877,0.8230493068695068
precision_weighted,0.8740817904472351,0.8734267950057983,0.8763295412063599,0.878352701663971,0.8723403811454773,0.8690095543861389,0.8679077625274658,0.8718619346618652
precision_macro,0.8172445297241211,0.7766942977905273,0.7937673926353455,0.8113695383071899,0.8216956257820129,0.7962994575500488,0.8278632164001465,0.8129714131355286
recall_weighted,0.8688992857933044,0.8255451917648315,0.8478712439537048,0.8652647733688354,0.8707165122032166,0.8525441288948059,0.8707164525985718,0.8657840490341187
recall_macro,0.8375122547149658,0.8523552417755127,0.8552917242050171,0.8516690135002136,0.8291465640068054,0.839979887008667,0.8103890419006348,0.8354602456092834
loss,0.6460198506343463,0.616763231675487,0.6138341611574504,0.6406945970432818,0.7299085687999883,0.7156532276267847,0.9344334971806234,0.8162825962236105
