metric,epoch-1,epoch-2,epoch-3,epoch-4,epoch-5
f1_weighted,0.8570754528045654,0.8648232221603394,0.8501434326171875,0.8674551248550415,0.8651195168495178
f1_macro,0.816429078578949,0.8239468336105347,0.8069586753845215,0.8168838620185852,0.8164877891540527
precision_weighted,0.8789128661155701,0.8794565796852112,0.8705536723136902,0.8664885759353638,0.8658470511436462
precision_macro,0.7963218688964844,0.8049291968345642,0.7877917885780334,0.824280321598053,0.8136060237884521
recall_weighted,0.8499480485916138,0.8592938780784607,0.8429387211799622,0.8688992857933044,0.8644859790802002
recall_macro,0.8592342138290405,0.857298731803894,0.8465257883071899,0.8102954626083374,0.8195257186889648
accuracy,84.99481081962585,85.92939376831055,84.2938780784607,86.88992857933044,86.4486038684845
loss,0.49847568262414815,0.49697556711455104,0.5741748006326529,0.8679469764789111,0.8215524069192004
