metric,epoch-1,epoch-2,epoch-3,epoch-4,epoch-5
f1_weighted,0.8471066951751709,0.8515749573707581,0.8439489006996155,0.8666920065879822,0.8542962074279785
f1_macro,0.8032970428466797,0.8050607442855835,0.7977629899978638,0.8157248497009277,0.800226092338562
precision_weighted,0.8686200380325317,0.8631476163864136,0.8617592453956604,0.8657235503196716,0.8539915084838867
precision_macro,0.7842388153076172,0.7887351512908936,0.7797504663467407,0.8229644894599915,0.8015841245651245
recall_weighted,0.8395638465881348,0.8463135957717896,0.8369677662849426,0.8681204319000244,0.8546209931373596
recall_macro,0.8438835144042969,0.8313800096511841,0.8325948119163513,0.8092639446258545,0.7989013195037842
accuracy,83.95639061927795,84.63136553764343,83.69678258895874,86.81204915046692,85.46209931373596
loss,0.5118734543501589,0.5406722140448222,0.5939567167914754,0.9544883815270242,0.8989229530590699
