metric,epoch-1,epoch-2
f1_weighted,0.8344323635101318,0.8043224811553955
f1_macro,0.7904399633407593,0.7597015500068665
precision_weighted,0.8658279180526733,0.858059287071228
precision_macro,0.7723871469497681,0.7490233182907104
recall_weighted,0.8247663378715515,0.7904984354972839
recall_macro,0.8411401510238647,0.8274184465408325
accuracy,82.47663974761963,79.04984951019287
loss,0.44534059984926366,0.4810055546709858
