metric,epoch-1,epoch-2
f1_weighted,0.8385695815086365,0.8029563426971436
f1_macro,0.7964239120483398,0.7597850561141968
precision_weighted,0.871861457824707,0.8623735308647156
precision_macro,0.7780857682228088,0.750941812992096
recall_weighted,0.8289200663566589,0.7886812090873718
recall_macro,0.8501646518707275,0.8324869275093079
accuracy,82.8920066356659,78.86812090873718
loss,0.4397616611167603,0.4625649593801419
