metric,epoch-1,epoch-2,epoch-3
f1_weighted,0.8471066951751709,0.8515749573707581,0.8439489006996155
f1_macro,0.8032970428466797,0.8050607442855835,0.7977629899978638
precision_weighted,0.8686200380325317,0.8631476163864136,0.8617592453956604
precision_macro,0.7842388153076172,0.7887351512908936,0.7797504663467407
recall_weighted,0.8395638465881348,0.8463135957717896,0.8369677662849426
recall_macro,0.8438835144042969,0.8313800096511841,0.8325948119163513
loss,0.5118734543501589,0.5406722140448222,0.5939567167914754
