metric,epoch-1,epoch-2,epoch-3
f1_weighted,0.8570754528045654,0.8648232221603394,0.8501434326171875
f1_macro,0.816429078578949,0.8239468336105347,0.8069586753845215
precision_weighted,0.8789128661155701,0.8794565796852112,0.8705536723136902
precision_macro,0.7963218688964844,0.8049291968345642,0.7877917885780334
recall_weighted,0.8499480485916138,0.8592938780784607,0.8429387211799622
recall_macro,0.8592342138290405,0.857298731803894,0.8465257883071899
loss,0.49847568262414815,0.49697556711455104,0.5741748006326529
