metric,epoch-1,epoch-2,epoch-3,epoch-4,epoch-5,epoch-6,epoch-7,epoch-8,epoch-9,epoch-10,epoch-11,epoch-12,epoch-13
f1_weighted,0.7867296934127808,0.8172077536582947,0.8168101906776428,0.8282595872879028,0.8017612099647522,0.8264548778533936,0.8148126006126404,0.8186429738998413,0.8349642753601074,0.8227895498275757,0.8307569622993469,0.8317055702209473,0.8264548778533936
f1_macro,0.752074122428894,0.7891363501548767,0.7926579117774963,0.8056167364120483,0.7811216115951538,0.8005692362785339,0.7922232151031494,0.7889008522033691,0.8101058006286621,0.7999280691146851,0.803508996963501,0.802318811416626,0.8005692362785339
precision_weighted,0.7876635789871216,0.8203582763671875,0.8294668793678284,0.8407813310623169,0.8349713683128357,0.8309956789016724,0.8336597681045532,0.8191643953323364,0.8389065265655518,0.8370305299758911,0.8318467140197754,0.8309639096260071,0.8309956789016724
precision_macro,0.7502570152282715,0.7837437391281128,0.7833758592605591,0.7958074808120728,0.7759685516357422,0.793645977973938,0.783150851726532,0.7874741554260254,0.8033615350723267,0.7902711629867554,0.8006493449211121,0.8067038059234619,0.793645977973938
recall_weighted,0.7859237194061279,0.8152492642402649,0.8123167157173157,0.8240469098091125,0.7947213649749756,0.8240469098091125,0.8093841671943665,0.8181818723678589,0.8328445553779602,0.8181818127632141,0.8299120664596558,0.832844614982605,0.8240469098091125
recall_macro,0.7540545463562012,0.7960457801818848,0.8120433688163757,0.8257326483726501,0.8174026608467102,0.8101966977119446,0.8176836371421814,0.7904054522514343,0.8191690444946289,0.8214772939682007,0.8066840171813965,0.7984544038772583,0.8101966977119446
loss,0.6984353228048845,0.6275834075429223,0.5766053890640085,0.5526077178391543,0.6436698125167326,0.6384060342203487,0.6728643280538645,0.7520120536739175,0.7859223891388286,0.7838155356320468,0.8581932952458208,0.8327135741710663,0.8516136597503315
