metric,epoch-1,epoch-2,epoch-3,epoch-4,epoch-5,epoch-6,epoch-7,epoch-8,epoch-9
f1_weighted,0.8098525404930115,0.8253288865089417,0.8285353779792786,0.8394173383712769,0.8276387453079224,0.8574897050857544,0.849441409111023,0.8453649282455444,0.8471124768257141
f1_macro,0.7737798094749451,0.7953826189041138,0.7993955016136169,0.8111616969108582,0.8048305511474609,0.8359949588775635,0.8240792155265808,0.8181557655334473,0.8220393657684326
precision_weighted,0.81034916639328,0.8244531154632568,0.8277286291122437,0.8388370275497437,0.8370382785797119,0.8594478964805603,0.8488514423370361,0.8448842763900757,0.8467819094657898
precision_macro,0.793972373008728,0.8015352487564087,0.8046205043792725,0.8210241794586182,0.7957906723022461,0.8309375047683716,0.8286774754524231,0.8282279968261719,0.8237490057945251
recall_weighted,0.8152492642402649,0.8269795179367065,0.8299120664596558,0.8416422605514526,0.8240469098091125,0.8563050031661987,0.8504399061203003,0.8475073575973511,0.8475073575973511
recall_macro,0.7614026665687561,0.7902388572692871,0.7949117422103882,0.8034587502479553,0.821071982383728,0.8420400619506836,0.8200135231018066,0.8102684020996094,0.8204129934310913
loss,0.7151486656882546,0.6426087008281187,0.614416398785331,0.6337856067852541,0.6267259148034182,0.6539720351045782,0.7182855663651769,0.7478862218558788,0.7448668676343831
