metric,epoch-1,epoch-2,epoch-3,epoch-4,epoch-5,epoch-6,epoch-7,epoch-8,epoch-9,epoch-10,epoch-11,epoch-12,epoch-13
f1_weighted,0.8134867548942566,0.8299120664596558,0.8461873531341553,0.8633065223693848,0.8258800506591797,0.8455098271369934,0.8385826349258423,0.8378614187240601,0.8447698354721069,0.8303731679916382,0.8426293134689331,0.8280386924743652,0.8408051133155823
f1_macro,0.7815102934837341,0.8025201559066772,0.8234317302703857,0.842689037322998,0.8050094842910767,0.8217600584030151,0.8163139820098877,0.807851254940033,0.8199989795684814,0.8076890110969543,0.8151761293411255,0.7982989549636841,0.8142251968383789
precision_weighted,0.8124827146530151,0.8299120664596558,0.8490474224090576,0.8652232885360718,0.8426163196563721,0.846834659576416,0.8452053666114807,0.8384145498275757,0.8449807167053223,0.8390425443649292,0.8420168161392212,0.8271868228912354,0.8402243852615356
precision_macro,0.7873859405517578,0.8025201559066772,0.8174904584884644,0.8375260829925537,0.7955344319343567,0.8181339502334595,0.8077869415283203,0.8256044387817383,0.8192059993743896,0.7987264394760132,0.8239691257476807,0.8055555820465088,0.8177163600921631
recall_weighted,0.8152493238449097,0.8299120664596558,0.8445748090744019,0.8621701002120972,0.8211144208908081,0.8445748090744019,0.8357771039009094,0.8416422605514526,0.8445748090744019,0.8269794583320618,0.8445748090744019,0.8299120664596558,0.8416422605514526
recall_macro,0.776619553565979,0.8025201559066772,0.8309569358825684,0.8488497734069824,0.8290797472000122,0.8258846402168274,0.8296189904212952,0.7958502769470215,0.8208123445510864,0.8232086896896362,0.8081316351890564,0.7923755645751953,0.8110671639442444
loss,0.6824058416214857,0.6091336255723779,0.5613771514459089,0.5467381091280417,0.5917734280228615,0.6221760059283539,0.6661263450302861,0.7514932338487018,0.7445606457238848,0.7215737778354775,0.8554714823311026,0.885723977773027,0.8769878633320332
