metric,epoch-1,epoch-2,epoch-3,epoch-4,epoch-5,epoch-6,epoch-7,epoch-8,epoch-9,epoch-10,epoch-11,epoch-12,epoch-13,epoch-14
f1_weighted,0.7817989587783813,0.8314976692199707,0.858366847038269,0.8318563103675842,0.8210200071334839,0.850627601146698,0.8306459784507751,0.8318517208099365,0.8509912490844727,0.8331084847450256,0.8365758657455444,0.7848361730575562,0.8271965980529785,0.8376500010490417
f1_macro,0.7603347897529602,0.8063259124755859,0.8382242918014526,0.8007346391677856,0.7889851331710815,0.826791524887085,0.8084725737571716,0.8072168827056885,0.8276497721672058,0.8105555772781372,0.811214804649353,0.7343526482582092,0.79962158203125,0.8138645887374878
precision_weighted,0.8159814476966858,0.8340489864349365,0.8630484342575073,0.8322214484214783,0.8203065395355225,0.8508312702178955,0.8407310247421265,0.8352919816970825,0.8516852855682373,0.841071367263794,0.8376214504241943,0.8085057735443115,0.8274290561676025,0.8410373330116272
precision_macro,0.7570140361785889,0.801211953163147,0.8301093578338623,0.8181098699569702,0.800513505935669,0.825981616973877,0.7991490364074707,0.8011294603347778,0.8253246545791626,0.801703691482544,0.8083431124687195,0.815243124961853,0.7988793849945068,0.8076350688934326
recall_weighted,0.774193525314331,0.829912006855011,0.8563050031661987,0.8357771039009094,0.8240469098091125,0.8504399061203003,0.8269794583320618,0.829912006855011,0.8504399061203003,0.829912006855011,0.8357771635055542,0.803519070148468,0.8269795179367065,0.8357771039009094
recall_macro,0.7948917150497437,0.8126647472381592,0.8496485352516174,0.7890406847000122,0.7804936170578003,0.8276220560073853,0.8257448673248291,0.815200924873352,0.8301581144332886,0.825345516204834,0.8144021034240723,0.712277352809906,0.800383448600769,0.8220105171203613
loss,0.6472799425775354,0.5928208502856168,0.573567115447738,0.6607228808782317,0.669215798039328,0.6398629312488165,0.7044248547066342,0.723091065206311,0.7440780208192088,0.7382049309936437,0.7975085238841447,1.217606588520787,0.8710617443377321,0.8792887709357522
