metric,epoch-1,epoch-2,epoch-3,epoch-4,epoch-5,epoch-6,epoch-7,epoch-8,epoch-9,epoch-10
f1_weighted,0.7652880549430847,0.8132490515708923,0.7741051912307739,0.8075283765792847,0.8175921440124512,0.8334738612174988,0.8148852586746216,0.8168052434921265,0.8139903545379639,0.7939114570617676
f1_macro,0.7343429327011108,0.7831823229789734,0.7553802132606506,0.7733292579650879,0.7901169061660767,0.806414008140564,0.7872738838195801,0.7881298065185547,0.7815102934837341,0.7667401432991028
precision_weighted,0.778551459312439,0.8144190907478333,0.8295385241508484,0.806424617767334,0.8217062950134277,0.8342421054840088,0.8195463418960571,0.819086492061615,0.8131164312362671,0.806837797164917
precision_macro,0.727433443069458,0.7805194854736328,0.7605851888656616,0.7791551947593689,0.7838446497917175,0.8041956424713135,0.7806870937347412,0.7837291955947876,0.785602331161499,0.7585126161575317
recall_weighted,0.759530782699585,0.8123166561126709,0.7653958797454834,0.8093841671943665,0.8152492642402649,0.832844614982605,0.8123167157173157,0.8152492642402649,0.8152493238449097,0.7888563275337219
recall_macro,0.7504415512084961,0.7861500978469849,0.80389404296875,0.7684865593910217,0.7986351251602173,0.8088117241859436,0.7965074181556702,0.7934564352035522,0.7779204845428467,0.7846647500991821
loss,0.6820141049948606,0.6385816687887366,0.6713224202394485,0.7131862857125022,0.7283442663875493,0.7079323652115735,0.8066329698670994,0.8835142607038672,0.9972207024693489,0.9584769863973964
