metric,epoch-1,epoch-2,epoch-3,epoch-4,epoch-5,epoch-6,epoch-7,epoch-8,epoch-9,epoch-10
f1_weighted,0.8036341667175293,0.8525972962379456,0.801956295967102,0.8683255314826965,0.8612499237060547,0.8439648151397705,0.8424124717712402,0.8443756699562073,0.8334698677062988,0.8243253231048584
f1_macro,0.7759873270988464,0.8279862999916077,0.7842864394187927,0.8443568348884583,0.8378769159317017,0.8181443214416504,0.8179571628570557,0.8190836906433105,0.8041676878929138,0.8003379106521606
precision_weighted,0.8094592690467834,0.8520838022232056,0.8456840515136719,0.8691467046737671,0.860746443271637,0.8434993624687195,0.843431830406189,0.8441924452781677,0.8327897787094116,0.8317397832870483
precision_macro,0.7692148685455322,0.8316267728805542,0.7834508419036865,0.8608870506286621,0.8426655530929565,0.8207359313964844,0.8150215148925781,0.8199117183685303,0.8138203620910645,0.7920507192611694
recall_weighted,0.8005865216255188,0.8533724546432495,0.7947213649749756,0.8709677457809448,0.8621701002120972,0.8445748090744019,0.8416422605514526,0.8445748090744019,0.8357771635055542,0.8211143612861633
recall_macro,0.7862249612808228,0.8246864676475525,0.8276020288467407,0.8324346542358398,0.8336328268051147,0.8157400488853455,0.8212117552757263,0.8182762265205383,0.7966490983963013,0.8138629198074341
loss,0.6185378757390109,0.5830961587754163,0.5513162772086534,0.5907895267009735,0.5975613445043564,0.6361752311614427,0.6961746236140077,0.8138126952742989,0.8324180352078243,0.8110087722201239
