metric,epoch-1,epoch-2,epoch-3,epoch-4,epoch-5,epoch-6,epoch-7,epoch-8,epoch-9
f1_weighted,0.8042762279510498,0.8244931697845459,0.8123167753219604,0.8186429738998413,0.8282595872879028,0.8240759968757629,0.815485954284668,0.8235818147659302,0.808707058429718
f1_macro,0.7691976428031921,0.795710563659668,0.7809715270996094,0.7889008522033691,0.8056167364120483,0.7986057996749878,0.784948468208313,0.7935835123062134,0.7796121835708618
precision_weighted,0.8030813932418823,0.8250004649162292,0.8123167753219604,0.8191643953323364,0.8407813310623169,0.8303300738334656,0.8157378435134888,0.8231786489486694,0.8124088048934937
precision_macro,0.7759091258049011,0.7942497730255127,0.7809715270996094,0.7874741554260254,0.7958074808120728,0.7907024621963501,0.7842279672622681,0.795176088809967,0.7739846706390381
recall_weighted,0.8064516186714172,0.8240469694137573,0.8123167753219604,0.8181818723678589,0.8240469098091125,0.8211143612861633,0.8152493238449097,0.8240469694137573,0.8064516186714172
recall_macro,0.7637695670127869,0.7972500920295715,0.7809715270996094,0.7904054522514343,0.8257326483726501,0.81065833568573,0.7856885194778442,0.7920714616775513,0.7870734930038452
loss,0.7272452888163653,0.6528040238402106,0.6357785029844805,0.6255305246873335,0.6215402660044756,0.641710754822601,0.7043333581902764,0.7530149607495829,0.7990756820548665
