metric,epoch-1,epoch-2,epoch-3,epoch-4,epoch-5,epoch-6,epoch-7,epoch-8,epoch-9
f1_weighted,0.8208851218223572,0.8365758657455444,0.8208851218223572,0.850369930267334,0.8451477885246277,0.8240113854408264,0.8009482622146606,0.8318517208099365,0.8175419569015503
f1_macro,0.7917755246162415,0.811214804649353,0.7917755246162415,0.8231327533721924,0.8208909034729004,0.7994832992553711,0.7789815068244934,0.8072168827056885,0.7910722494125366
precision_weighted,0.8206712603569031,0.8376214504241943,0.8206712603569031,0.8507236838340759,0.8458620309829712,0.8301959037780762,0.8247851729393005,0.8352919816970825,0.8216030597686768
precision_macro,0.7925330996513367,0.8083431124687195,0.7925330996513367,0.8387097120285034,0.8186147212982178,0.7917509078979492,0.7717560529708862,0.8011294603347778,0.7849243879318237
recall_weighted,0.8211144208908081,0.8357771635055542,0.8211144208908081,0.8533724546432495,0.8445748090744019,0.8211143612861633,0.7947213649749756,0.829912006855011,0.8152492642402649
recall_macro,0.7910376191139221,0.8144021034240723,0.7910376191139221,0.8120057582855225,0.8233485221862793,0.811326801776886,0.8073128461837769,0.815200924873352,0.7994447946548462
loss,0.4917714568701657,0.4679383174939589,0.49291282993825997,0.541685201227665,0.5410930216312408,0.54172098365697,0.630818378857591,0.6351540793072094,0.6940514926205982
