metric,epoch-1,epoch-2,epoch-3,epoch-4,epoch-5,epoch-6,epoch-7,epoch-8,epoch-9,epoch-10,epoch-11,epoch-12,epoch-13,epoch-14
f1_weighted,0.7598191499710083,0.8107977509498596,0.8026423454284668,0.8218241930007935,0.8235818147659302,0.8118206262588501,0.8063782453536987,0.7986665964126587,0.7997989654541016,0.8271201848983765,0.801092267036438,0.7509127855300903,0.8123167753219604,0.8109895586967468
f1_macro,0.7377041578292847,0.7853136658668518,0.7769023180007935,0.786823034286499,0.7935835123062134,0.7798224687576294,0.7830301523208618,0.7703924775123596,0.769054114818573,0.8023417592048645,0.7684719562530518,0.6896225810050964,0.7809715270996094,0.7814037799835205
precision_weighted,0.8045181035995483,0.8219653964042664,0.8162769079208374,0.8227258920669556,0.8231786489486694,0.8113851547241211,0.8262661695480347,0.8071272969245911,0.803101122379303,0.8339481353759766,0.8016565442085266,0.7707760334014893,0.8123167753219604,0.8133130073547363
precision_macro,0.7390627861022949,0.7764818072319031,0.7682297229766846,0.8082858324050903,0.795176088809967,0.7813413143157959,0.774505615234375,0.7626727819442749,0.7640631198883057,0.7940340042114258,0.7671475410461426,0.7662774920463562,0.7809715270996094,0.7771114706993103
recall_weighted,0.7507331371307373,0.8064516186714172,0.7976539731025696,0.8269794583320618,0.8240469694137573,0.8123167753219604,0.8005865216255188,0.7947214245796204,0.7976539134979248,0.8240469098091125,0.800586462020874,0.774193525314331,0.8123167753219604,0.8093841075897217
recall_macro,0.7777197957038879,0.802609384059906,0.7962263822555542,0.7734845876693726,0.7920714616775513,0.7783821821212769,0.8087114095687866,0.7837414741516113,0.7755118608474731,0.8153753280639648,0.7698715329170227,0.6730429530143738,0.7809715270996094,0.786611795425415
loss,0.6923264996571974,0.6341987970200452,0.6417307406663895,0.7104301371357657,0.695783719420433,0.7237333181229505,0.8648855510083112,0.8828278278762643,0.8807455870238218,0.8698966394771229,0.9633467332883314,1.3039821833372116,0.9707055985927582,0.9957597851753235
