metric,epoch-1,epoch-2,epoch-3,epoch-4,epoch-5,epoch-6,epoch-7,epoch-8,epoch-9
f1_weighted,0.8168052434921265,0.8230106830596924,0.808707058429718,0.816679835319519,0.8277210593223572,0.8143423795700073,0.7711217403411865,0.8071253299713135,0.8195371627807617
f1_macro,0.7881298065185547,0.7958304286003113,0.7796121835708618,0.784388542175293,0.804023027420044,0.7906533479690552,0.750047504901886,0.7797603607177734,0.795487642288208
precision_weighted,0.819086492061615,0.8261106014251709,0.8124088048934937,0.8157374858856201,0.8372103571891785,0.8295366764068604,0.8160012364387512,0.8148249983787537,0.8313690423965454
precision_macro,0.7837291955947876,0.7903039455413818,0.7739846706390381,0.7894605994224548,0.7947582006454468,0.7813946008682251,0.7508466243743896,0.7719288468360901,0.7861635684967041
recall_weighted,0.8152492642402649,0.8211143612861633,0.8064516186714172,0.8181818723678589,0.8240469098091125,0.8093841671943665,0.7624633312225342,0.803519070148468,0.8152492642402649
recall_macro,0.7934564352035522,0.802890419960022,0.7870734930038452,0.7800481915473938,0.8205540180206299,0.8125050067901611,0.7914090752601624,0.7927137613296509,0.8141710162162781
loss,0.5071395825256001,0.4782329005273906,0.5166327255693349,0.5504293468865481,0.5464478236707774,0.5387964502654292,0.6892868612300266,0.6882874596525322,0.7059633440592072
