metric,epoch-1,epoch-2,epoch-3,epoch-4
f1_weighted,0.8590046167373657,0.8548573851585388,0.8551236391067505,0.8509947657585144
f1_macro,0.8151129484176636,0.810843825340271,0.8112238645553589,0.8055709600448608
precision_weighted,0.8710710406303406,0.8697366714477539,0.8700774908065796,0.8654034733772278
precision_macro,0.7978299856185913,0.792676568031311,0.7930024862289429,0.7879603505134583
recall_weighted,0.8538421988487244,0.8489096164703369,0.8491692543029785,0.8450155258178711
recall_macro,0.8433375358581543,0.8430371284484863,0.8435764312744141,0.8364201784133911
loss,0.6200095001331045,0.5932314560925664,0.6158693051042635,0.67033112344663
