metric,epoch-1,epoch-2,epoch-3,epoch-4
f1_weighted,0.8618363738059998,0.8661315441131592,0.8646969199180603,0.861503541469574
f1_macro,0.8195825815200806,0.8252833485603333,0.8235349655151367,0.8189890384674072
precision_weighted,0.8753499984741211,0.8797795176506042,0.8786938190460205,0.8746373653411865
precision_macro,0.8013346195220947,0.8065617084503174,0.8047964572906494,0.8009499311447144
recall_weighted,0.8564382195472717,0.860851526260376,0.8592938780784607,0.8561786413192749
recall_macro,0.85063636302948,0.857221245765686,0.8558275103569031,0.8493620157241821
loss,0.6103374389084902,0.5745045732368123,0.5883038007030802,0.6306313443775019
