metric,epoch-1,epoch-2,epoch-3
f1_weighted,0.8428143262863159,0.8684050440788269,0.8679446578025818
f1_macro,0.7972012162208557,0.8212196826934814,0.8217992782592773
precision_weighted,0.8625761270523071,0.8693699836730957,0.8702749013900757
precision_macro,0.7788983583450317,0.8174513578414917,0.8144469261169434
recall_weighted,0.8354102373123169,0.8676012754440308,0.8663032054901123
recall_macro,0.8345787525177002,0.8252556324005127,0.8302853107452393
accuracy,83.54102373123169,86.76012754440308,86.63032650947571
loss,0.4046170816042094,0.46361006921310044,0.5070317777904643
