metric,epoch-1,epoch-2,epoch-3
f1_weighted,0.8296704888343811,0.8583315014839172,0.8622655868530273
f1_macro,0.780064582824707,0.8059378862380981,0.8131877183914185
precision_weighted,0.8496624231338501,0.8581547737121582,0.8637219667434692
precision_macro,0.7630269527435303,0.8067375421524048,0.8082254528999329
recall_weighted,0.8216511011123657,0.8585150837898254,0.8611111044883728
recall_macro,0.8155090808868408,0.8051497936248779,0.8186490535736084
accuracy,82.16511011123657,85.85150837898254,86.11111640930176
loss,0.4292456117281661,0.49709782087527454,0.5490646441027074
